{"train accuracy": 0.6677018633540373, "test accuracy": 0.6563528637261357, "train f-score": 0.7312171728705184, "test f-score": 0.712871287128713}