{"train accuracy": 0.6677018633540373, "test accuracy": 0.6550362080315998, "train f-score": 0.5619650167473019, "test f-score": 0.5683690280065897}