{"train accuracy": 0.6804065499717674, "test accuracy": 0.6616194865042792, "train f-score": 0.6724537037037036, "test f-score": 0.6605019815059445}