{"train accuracy": 0.6634669678147939, "test accuracy": 0.6747860434496379, "train f-score": 0.6398791540785498, "test f-score": 0.6630286493860845}