{"train accuracy": 0.7444405224144017, "test accuracy": 0.6516220028208745, "train f-score": 0.7322485207100591, "test f-score": 0.627450980392157}